datetime,open,close,high,low,volume
2013-12-06 09:01:00,126.05,124.15,126.5,124.05,2622
2013-12-06 09:02:00,124.55,124.55,124.6,123.0,1336
2013-12-06 09:03:00,124.65,124.5,124.85,124.4,672
2013-12-06 09:04:00,124.45,124.4,124.55,124.15,488
2013-12-06 09:05:00,124.4,124.65,124.7,124.4,546
2013-12-06 09:06:00,124.65,124.9,124.9,124.55,398
2013-12-06 09:07:00,124.9,125.1,125.3,124.9,824
2013-12-06 09:08:00,125.1,124.8,125.1,124.75,604
2013-12-06 09:09:00,124.8,125.2,125.2,124.8,288
2013-12-06 09:10:00,125.25,126.45,126.6,125.25,1306
2013-12-06 09:11:00,126.45,127.4,129.0,126.25,2004
2013-12-06 09:12:00,127.4,126.8,127.4,126.75,866
2013-12-06 09:13:00,126.8,127.45,127.45,126.75,816
2013-12-06 09:14:00,127.45,127.45,127.8,127.35,720
2013-12-06 09:15:00,127.5,127.35,128.0,127.3,1154
2013-12-06 09:16:00,127.4,127.1,127.4,127.05,634
2013-12-06 09:17:00,127.1,127.5,127.65,127.1,704
2013-12-06 09:18:00,127.5,128.05,128.3,127.5,1272
2013-12-06 09:19:00,128.05,128.0,128.15,127.8,778
2013-12-06 09:20:00,127.95,128.5,128.5,127.95,1452
2013-12-06 09:21:00,128.5,127.9,128.65,127.9,1350
2013-12-06 09:22:00,127.9,127.65,128.05,127.65,1188
2013-12-06 09:23:00,127.65,127.8,127.8,127.55,700
2013-12-06 09:24:00,127.8,127.9,127.9,127.7,254
2013-12-06 09:25:00,127.9,127.55,127.9,127.55,454
2013-12-06 09:26:00,127.55,127.6,127.6,127.4,1112
2013-12-06 09:27:00,127.6,128.15,128.35,127.6,1022
2013-12-06 09:28:00,128.2,128.05,128.35,128.05,628
2013-12-06 09:29:00,128.05,128.1,128.15,128.05,502
2013-12-06 09:30:00,128.1,128.05,128.1,128.0,400
2013-12-06 09:31:00,128.05,128.5,128.5,128.0,632
2013-12-06 09:32:00,128.5,128.15,128.5,128.1,392
2013-12-06 09:33:00,128.15,128.2,128.4,128.15,424
2013-12-06 09:34:00,128.2,128.3,128.35,128.1,448
2013-12-06 09:35:00,128.3,128.25,128.3,128.2,390
2013-12-06 09:36:00,128.2,128.2,128.25,128.2,132
2013-12-06 09:37:00,128.2,128.25,128.25,128.15,226
2013-12-06 09:38:00,128.25,128.35,128.35,128.25,158
2013-12-06 09:39:00,128.35,128.75,128.9,128.3,1376
2013-12-06 09:40:00,128.75,128.45,128.75,128.35,856
2013-12-06 09:41:00,128.45,128.25,128.45,128.2,500
2013-12-06 09:42:00,128.2,128.15,128.25,128.0,646
2013-12-06 09:43:00,128.1,128.05,128.15,128.05,326
2013-12-06 09:44:00,128.05,128.25,128.3,128.05,300
2013-12-06 09:45:00,128.25,127.75,128.25,127.65,912
2013-12-06 09:46:00,127.75,127.9,127.9,127.75,366
2013-12-06 09:47:00,127.9,127.9,127.95,127.9,140
2013-12-06 09:48:00,127.9,128.05,128.05,127.9,460
2013-12-06 09:49:00,128.05,128.1,128.1,128.05,108
2013-12-06 09:50:00,128.05,128.0,128.05,127.95,226
2013-12-06 09:51:00,128.0,128.1,128.1,128.0,98
2013-12-06 09:52:00,128.05,128.05,128.05,128.05,16
2013-12-06 09:53:00,128.05,128.15,128.25,128.05,178
2013-12-06 09:54:00,128.2,128.15,128.2,128.1,72
2013-12-06 09:55:00,128.15,128.1,128.15,128.05,128
2013-12-06 09:56:00,128.1,128.0,128.1,128.0,156
2013-12-06 09:57:00,128.0,127.9,128.0,127.85,202
2013-12-06 09:58:00,127.9,127.9,127.9,127.85,44
2013-12-06 09:59:00,127.9,127.7,127.9,127.7,446
2013-12-06 10:00:00,127.7,127.75,127.75,127.7,336
2013-12-06 10:01:00,127.75,127.45,127.75,127.4,1240
2013-12-06 10:02:00,127.5,127.5,127.6,127.45,808
2013-12-06 10:03:00,127.5,127.4,127.55,127.2,1006
2013-12-06 10:04:00,127.4,127.55,127.65,127.4,576
2013-12-06 10:05:00,127.55,127.6,127.6,127.5,314
2013-12-06 10:06:00,127.6,127.6,127.6,127.55,42
2013-12-06 10:07:00,127.6,127.75,127.8,127.55,464
2013-12-06 10:08:00,127.75,127.7,127.75,127.65,170
2013-12-06 10:09:00,127.7,127.35,127.7,127.35,438
2013-12-06 10:10:00,127.35,127.55,127.6,127.35,280
2013-12-06 10:11:00,127.55,127.55,127.6,127.55,76
2013-12-06 10:12:00,127.55,127.4,127.55,127.35,290
2013-12-06 10:13:00,127.35,127.0,127.4,126.95,1300
2013-12-06 10:14:00,127.0,126.95,127.1,126.95,900
2013-12-06 10:15:00,126.95,126.95,127.0,126.8,842
2013-12-06 10:16:00,126.95,126.95,126.95,126.95,0
2013-12-06 10:17:00,126.95,126.95,126.95,126.95,0
2013-12-06 10:18:00,126.95,126.95,126.95,126.95,0
2013-12-06 10:19:00,126.95,126.95,126.95,126.95,0
2013-12-06 10:20:00,126.95,126.95,126.95,126.95,0
2013-12-06 10:21:00,126.95,126.95,126.95,126.95,0
2013-12-06 10:22:00,126.95,126.95,126.95,126.95,0
2013-12-06 10:23:00,126.95,126.95,126.95,126.95,0
2013-12-06 10:24:00,126.95,126.95,126.95,126.95,0
2013-12-06 10:25:00,126.95,126.95,126.95,126.95,0
2013-12-06 10:26:00,126.95,126.95,126.95,126.95,0
2013-12-06 10:27:00,126.95,126.95,126.95,126.95,0
2013-12-06 10:28:00,126.95,126.95,126.95,126.95,0
2013-12-06 10:29:00,126.95,126.95,126.95,126.95,0
2013-12-06 10:30:00,126.95,126.95,126.95,126.95,0
2013-12-06 10:31:00,126.9,126.95,127.05,126.9,152
2013-12-06 10:32:00,126.95,126.9,127.0,126.8,98
2013-12-06 10:33:00,126.85,126.95,126.95,126.8,416
2013-12-06 10:34:00,127.0,127.1,127.2,126.95,280
2013-12-06 10:35:00,127.1,127.15,127.2,127.1,208
2013-12-06 10:36:00,127.2,127.1,127.2,127.05,110
2013-12-06 10:37:00,127.1,127.2,127.2,127.05,134
2013-12-06 10:38:00,127.2,127.25,127.3,127.2,296
2013-12-06 10:39:00,127.25,127.25,127.25,127.2,74
2013-12-06 10:40:00,127.25,127.25,127.3,127.2,42
2013-12-06 10:41:00,127.25,127.2,127.25,127.15,80
2013-12-06 10:42:00,127.15,127.2,127.2,127.15,180
2013-12-06 10:43:00,127.2,127.3,127.3,127.2,186
2013-12-06 10:44:00,127.3,127.4,127.45,127.25,170
2013-12-06 10:45:00,127.4,127.45,127.6,127.4,474
2013-12-06 10:46:00,127.45,127.4,127.5,127.4,142
2013-12-06 10:47:00,127.4,127.35,127.45,127.35,124
2013-12-06 10:48:00,127.35,127.3,127.35,127.2,234
2013-12-06 10:49:00,127.3,127.25,127.3,127.25,26
2013-12-06 10:50:00,127.25,127.2,127.3,127.2,186
2013-12-06 10:51:00,127.2,127.25,127.25,127.15,104
2013-12-06 10:52:00,127.25,127.25,127.25,127.2,42
2013-12-06 10:53:00,127.25,127.25,127.25,127.25,40
2013-12-06 10:54:00,127.25,127.25,127.25,127.25,44
2013-12-06 10:55:00,127.25,127.25,127.25,127.25,8
2013-12-06 10:56:00,127.25,127.25,127.3,127.25,34
2013-12-06 10:57:00,127.25,127.1,127.25,127.1,122
2013-12-06 10:58:00,127.1,127.1,127.1,127.0,210
2013-12-06 10:59:00,127.1,127.05,127.1,127.0,88
2013-12-06 11:00:00,127.05,127.05,127.05,127.05,30
2013-12-06 11:01:00,127.05,127.0,127.1,127.0,46
2013-12-06 11:02:00,127.0,127.15,127.15,127.0,202
2013-12-06 11:03:00,127.15,127.0,127.15,126.85,366
2013-12-06 11:04:00,127.0,126.9,127.05,126.9,180
2013-12-06 11:05:00,126.95,127.05,127.05,126.95,110
2013-12-06 11:06:00,127.05,127.1,127.1,127.05,68
2013-12-06 11:07:00,127.1,127.1,127.1,127.05,58
2013-12-06 11:08:00,127.1,127.05,127.1,127.05,62
2013-12-06 11:09:00,127.05,127.15,127.15,127.05,42
2013-12-06 11:10:00,127.15,127.05,127.15,127.05,38
2013-12-06 11:11:00,127.05,127.15,127.15,127.05,38
2013-12-06 11:12:00,127.15,127.2,127.25,127.15,192
2013-12-06 11:13:00,127.2,127.2,127.25,127.2,116
2013-12-06 11:14:00,127.2,127.25,127.25,127.2,134
2013-12-06 11:15:00,127.25,127.3,127.35,127.25,98
2013-12-06 11:16:00,127.3,127.2,127.35,127.2,104
2013-12-06 11:17:00,127.2,127.3,127.3,127.2,64
2013-12-06 11:18:00,127.3,127.35,127.35,127.3,70
2013-12-06 11:19:00,127.35,127.35,127.35,127.3,78
2013-12-06 11:20:00,127.35,127.25,127.35,127.25,78
2013-12-06 11:21:00,127.25,127.25,127.25,127.2,84
2013-12-06 11:22:00,127.25,127.3,127.3,127.2,18
2013-12-06 11:23:00,127.3,127.3,127.3,127.25,18
2013-12-06 11:24:00,127.3,127.25,127.3,127.25,42
2013-12-06 11:25:00,127.2,127.05,127.25,127.0,228
2013-12-06 11:26:00,127.05,127.0,127.1,126.95,140
2013-12-06 11:27:00,127.0,126.75,127.0,126.75,756
2013-12-06 11:28:00,126.75,126.7,126.75,126.5,786
2013-12-06 11:29:00,126.7,126.7,126.75,126.65,200
2013-12-06 11:30:00,126.7,126.7,126.75,126.65,354
2013-12-06 13:31:00,126.75,126.65,126.75,126.65,134
2013-12-06 13:32:00,126.65,126.7,126.7,126.65,122
2013-12-06 13:33:00,126.65,126.75,126.75,126.65,78
2013-12-06 13:34:00,126.75,126.75,126.8,126.7,36
2013-12-06 13:35:00,126.75,126.95,126.95,126.75,174
2013-12-06 13:36:00,126.95,126.9,127.0,126.9,158
2013-12-06 13:37:00,126.9,126.9,126.9,126.8,80
2013-12-06 13:38:00,126.9,126.9,126.9,126.8,90
2013-12-06 13:39:00,126.9,126.8,126.9,126.8,100
2013-12-06 13:40:00,126.75,126.7,126.8,126.7,50
2013-12-06 13:41:00,126.7,126.65,126.7,126.6,174
2013-12-06 13:42:00,126.65,126.7,126.7,126.65,52
2013-12-06 13:43:00,126.75,126.8,126.8,126.65,78
2013-12-06 13:44:00,126.8,126.8,126.8,126.75,102
2013-12-06 13:45:00,126.75,126.7,126.75,126.65,78
2013-12-06 13:46:00,126.7,126.45,126.7,126.45,220
2013-12-06 13:47:00,126.45,126.55,126.55,126.45,200
2013-12-06 13:48:00,126.5,126.45,126.5,126.4,198
2013-12-06 13:49:00,126.45,126.35,126.5,126.35,950
2013-12-06 13:50:00,126.4,126.25,126.4,126.2,324
2013-12-06 13:51:00,126.25,126.1,126.25,126.1,322
2013-12-06 13:52:00,126.05,126.3,126.3,126.05,428
2013-12-06 13:53:00,126.3,126.3,126.35,126.25,148
2013-12-06 13:54:00,126.3,126.3,126.3,126.3,32
2013-12-06 13:55:00,126.3,126.3,126.3,126.3,30
2013-12-06 13:56:00,126.3,126.3,126.3,126.3,32
2013-12-06 13:57:00,126.3,126.2,126.3,126.2,96
2013-12-06 13:58:00,126.2,126.2,126.25,126.2,40
2013-12-06 13:59:00,126.2,125.9,126.2,125.85,356
2013-12-06 14:00:00,125.9,125.6,125.95,125.5,602
2013-12-06 14:01:00,125.6,125.8,125.8,125.55,330
2013-12-06 14:02:00,125.8,125.75,125.8,125.7,276
2013-12-06 14:03:00,125.75,125.55,125.75,125.5,276
2013-12-06 14:04:00,125.55,125.0,125.6,124.95,1516
2013-12-06 14:05:00,125.0,124.75,125.0,124.6,1038
2013-12-06 14:06:00,124.6,124.65,124.9,124.55,824
2013-12-06 14:07:00,124.65,124.55,124.75,124.55,586
2013-12-06 14:08:00,124.55,124.65,124.65,124.4,1112
2013-12-06 14:09:00,124.65,124.55,124.65,124.45,430
2013-12-06 14:10:00,124.5,124.45,124.5,124.4,256
2013-12-06 14:11:00,124.45,125.0,125.05,124.45,848
2013-12-06 14:12:00,125.05,124.3,125.1,124.3,740
2013-12-06 14:13:00,124.3,124.55,124.7,124.25,554
2013-12-06 14:14:00,124.55,124.65,124.7,124.55,334
2013-12-06 14:15:00,124.65,124.55,124.65,124.45,492
2013-12-06 14:16:00,124.5,124.65,124.7,124.45,232
2013-12-06 14:17:00,124.65,124.7,124.7,124.6,58
2013-12-06 14:18:00,124.65,124.65,124.8,124.6,272
2013-12-06 14:19:00,124.65,124.3,124.75,124.3,378
2013-12-06 14:20:00,124.3,124.65,124.65,124.3,448
2013-12-06 14:21:00,124.65,124.65,124.65,124.55,112
2013-12-06 14:22:00,124.65,124.75,124.75,124.65,96
2013-12-06 14:23:00,124.75,125.15,125.3,124.75,1136
2013-12-06 14:24:00,125.2,125.1,125.2,125.05,466
2013-12-06 14:25:00,125.1,125.1,125.15,125.05,296
2013-12-06 14:26:00,125.1,125.1,125.15,125.05,112
2013-12-06 14:27:00,125.1,124.9,125.1,124.85,1040
2013-12-06 14:28:00,124.9,125.1,125.15,124.9,168
2013-12-06 14:29:00,125.1,125.7,125.75,125.05,1290
2013-12-06 14:30:00,125.7,125.45,125.7,125.25,876
2013-12-06 14:31:00,125.45,125.1,125.45,125.05,416
2013-12-06 14:32:00,125.1,125.1,125.15,125.05,358
2013-12-06 14:33:00,125.1,125.25,125.25,125.1,322
2013-12-06 14:34:00,125.25,125.15,125.25,125.15,216
2013-12-06 14:35:00,125.15,125.15,125.2,125.15,204
2013-12-06 14:36:00,125.15,125.0,125.2,124.85,504
2013-12-06 14:37:00,125.0,125.0,125.05,124.9,188
2013-12-06 14:38:00,125.0,124.9,125.0,124.9,236
2013-12-06 14:39:00,124.9,125.0,125.0,124.9,76
2013-12-06 14:40:00,125.0,125.15,125.2,125.0,194
2013-12-06 14:41:00,125.1,125.15,125.15,125.1,44
2013-12-06 14:42:00,125.15,125.2,125.25,125.15,208
2013-12-06 14:43:00,125.2,125.25,125.25,125.2,50
2013-12-06 14:44:00,125.2,125.2,125.25,125.15,50
2013-12-06 14:45:00,125.2,125.65,125.65,125.2,234
2013-12-06 14:46:00,125.7,126.0,126.0,125.45,946
2013-12-06 14:47:00,125.95,125.0,126.05,125.0,1318
2013-12-06 14:48:00,125.0,125.15,125.3,124.95,580
2013-12-06 14:49:00,125.15,125.2,125.2,125.1,150
2013-12-06 14:50:00,125.15,125.25,125.25,125.15,214
2013-12-06 14:51:00,125.25,125.15,125.25,125.15,178
2013-12-06 14:52:00,125.2,125.2,125.35,125.15,238
2013-12-06 14:53:00,125.25,125.15,125.25,125.15,98
2013-12-06 14:54:00,125.15,125.2,125.2,125.15,98
2013-12-06 14:55:00,125.2,125.45,125.55,125.15,410
2013-12-06 14:56:00,125.45,125.5,125.55,125.35,314
2013-12-06 14:57:00,125.5,125.5,125.5,125.35,222
2013-12-06 14:58:00,125.5,125.45,125.5,125.4,170
2013-12-06 14:59:00,125.4,125.85,125.9,125.35,482
2013-12-06 15:00:00,125.8,125.85,126.05,125.7,646
2013-12-09 09:01:00,126.0,125.55,126.0,125.3,614
2013-12-09 09:02:00,125.55,125.55,125.6,125.3,246
2013-12-09 09:03:00,125.6,125.75,125.8,125.45,190
2013-12-09 09:04:00,125.75,125.8,126.1,125.75,352
2013-12-09 09:05:00,125.8,125.95,126.1,125.8,138
2013-12-09 09:06:00,125.95,125.85,125.95,125.75,70
2013-12-09 09:07:00,125.85,125.3,125.85,125.3,148
2013-12-09 09:08:00,125.3,125.15,125.5,124.75,628
2013-12-09 09:09:00,125.15,125.2,125.25,125.0,336
2013-12-09 09:10:00,125.25,125.15,125.25,125.15,116
2013-12-09 09:11:00,125.15,125.0,125.15,125.0,196
2013-12-09 09:12:00,125.0,125.2,125.25,125.0,274
2013-12-09 09:13:00,125.2,125.15,125.35,125.15,238
2013-12-09 09:14:00,125.1,125.3,125.3,125.1,152
2013-12-09 09:15:00,125.2,125.25,125.3,125.2,96
2013-12-09 09:16:00,125.25,125.4,125.4,125.25,102
2013-12-09 09:17:00,125.4,125.25,125.4,125.25,92
2013-12-09 09:18:00,125.2,125.3,125.3,125.2,130
2013-12-09 09:19:00,125.25,125.2,125.3,125.2,88
2013-12-09 09:20:00,125.2,125.15,125.25,125.15,76
2013-12-09 09:21:00,125.15,125.15,125.2,125.05,76
2013-12-09 09:22:00,125.15,125.4,125.4,125.15,198
2013-12-09 09:23:00,125.4,125.3,125.4,125.3,90
2013-12-09 09:24:00,125.3,125.5,125.5,125.3,284
2013-12-09 09:25:00,125.5,125.6,125.85,125.5,162
2013-12-09 09:26:00,125.6,125.6,125.65,125.55,136
2013-12-09 09:27:00,125.6,125.7,125.75,125.6,60
2013-12-09 09:28:00,125.65,125.8,125.8,125.65,230
2013-12-09 09:29:00,125.8,126.25,126.3,125.8,314
2013-12-09 09:30:00,126.25,126.4,126.45,126.05,468
2013-12-09 09:31:00,126.45,126.3,126.45,126.25,324
2013-12-09 09:32:00,126.3,127.05,127.3,126.3,690
2013-12-09 09:33:00,127.05,127.6,127.8,126.9,848
2013-12-09 09:34:00,127.6,127.5,127.7,127.3,684
2013-12-09 09:35:00,127.5,128.0,128.05,127.5,1076
2013-12-09 09:36:00,128.0,127.75,128.0,127.7,590
2013-12-09 09:37:00,127.75,128.1,128.2,127.75,806
2013-12-09 09:38:00,128.05,128.4,128.45,128.05,1008
2013-12-09 09:39:00,128.4,128.0,128.4,127.95,826
2013-12-09 09:40:00,128.0,127.9,128.15,127.9,716
2013-12-09 09:41:00,127.9,127.8,127.95,127.6,598
2013-12-09 09:42:00,127.8,127.9,127.95,127.75,338
2013-12-09 09:43:00,127.9,127.85,127.9,127.8,142
2013-12-09 09:44:00,127.85,127.8,127.85,127.75,100
2013-12-09 09:45:00,127.8,128.0,128.05,127.8,184
2013-12-09 09:46:00,128.05,127.8,128.05,127.8,204
2013-12-09 09:47:00,127.8,127.75,127.8,127.7,198
2013-12-09 09:48:00,127.75,127.95,127.95,127.7,484
2013-12-09 09:49:00,127.95,127.8,127.95,127.8,132
2013-12-09 09:50:00,127.8,127.75,127.8,127.7,100
2013-12-09 09:51:00,127.75,127.7,127.75,127.7,154
2013-12-09 09:52:00,127.7,127.55,127.7,127.55,616
2013-12-09 09:53:00,127.55,127.6,127.65,127.5,136
2013-12-09 09:54:00,127.6,127.5,127.65,127.5,174
2013-12-09 09:55:00,127.5,127.5,127.65,127.5,296
2013-12-09 09:56:00,127.5,127.6,127.6,127.5,172
2013-12-09 09:57:00,127.6,127.75,127.75,127.6,238
2013-12-09 09:58:00,127.75,127.7,127.75,127.6,146
2013-12-09 09:59:00,127.7,127.7,127.8,127.7,112
2013-12-09 10:00:00,127.8,127.75,127.85,127.75,100
2013-12-09 10:01:00,127.75,127.75,127.8,127.7,28
2013-12-09 10:02:00,127.7,127.85,127.85,127.7,120
2013-12-09 10:03:00,127.8,128.05,128.1,127.8,394
2013-12-09 10:04:00,128.1,128.8,129.0,128.05,1416
2013-12-09 10:05:00,128.85,129.15,129.15,128.6,1006
2013-12-09 10:06:00,129.1,129.65,129.9,129.1,1708
2013-12-09 10:07:00,129.7,129.85,130.05,129.45,1930
2013-12-09 10:08:00,129.85,129.7,129.9,129.65,636
2013-12-09 10:09:00,129.7,129.95,129.95,129.7,804
2013-12-09 10:10:00,129.95,130.25,130.75,129.95,1934
2013-12-09 10:11:00,130.3,129.55,130.3,129.4,1680
2013-12-09 10:12:00,129.5,129.6,130.05,129.5,762
2013-12-09 10:13:00,129.6,129.55,129.75,129.55,636
2013-12-09 10:14:00,129.6,129.8,129.8,129.6,328
2013-12-09 10:15:00,129.8,129.8,130.0,129.75,708
2013-12-09 10:16:00,129.8,129.8,129.8,129.8,0
2013-12-09 10:17:00,129.8,129.8,129.8,129.8,0
2013-12-09 10:18:00,129.8,129.8,129.8,129.8,0
2013-12-09 10:19:00,129.8,129.8,129.8,129.8,0
2013-12-09 10:20:00,129.8,129.8,129.8,129.8,0
2013-12-09 10:21:00,129.8,129.8,129.8,129.8,0
2013-12-09 10:22:00,129.8,129.8,129.8,129.8,0
2013-12-09 10:23:00,129.8,129.8,129.8,129.8,0
2013-12-09 10:24:00,129.8,129.8,129.8,129.8,0
2013-12-09 10:25:00,129.8,129.8,129.8,129.8,0
2013-12-09 10:26:00,129.8,129.8,129.8,129.8,0
2013-12-09 10:27:00,129.8,129.8,129.8,129.8,0
2013-12-09 10:28:00,129.8,129.8,129.8,129.8,0
2013-12-09 10:29:00,129.8,129.8,129.8,129.8,0
2013-12-09 10:30:00,129.8,129.8,129.8,129.8,34
2013-12-09 10:31:00,129.9,130.0,130.0,129.75,306
2013-12-09 10:32:00,130.0,130.15,130.3,130.0,844
2013-12-09 10:33:00,130.15,130.35,130.45,130.1,894
2013-12-09 10:34:00,130.4,130.15,130.55,130.15,1074
2013-12-09 10:35:00,130.2,130.0,130.2,129.85,462
2013-12-09 10:36:00,130.0,129.65,130.0,129.65,578
2013-12-09 10:37:00,129.65,129.8,129.8,129.65,1232
2013-12-09 10:38:00,129.8,129.65,129.8,129.65,476
2013-12-09 10:39:00,129.65,129.85,129.85,129.6,392
2013-12-09 10:40:00,129.85,129.75,129.85,129.7,200
2013-12-09 10:41:00,129.75,129.95,129.95,129.75,180
2013-12-09 10:42:00,130.0,130.8,131.05,129.95,3434
2013-12-09 10:43:00,130.8,131.2,131.2,130.5,1290
2013-12-09 10:44:00,131.2,131.1,131.45,131.0,1606
2013-12-09 10:45:00,131.1,131.25,131.5,131.1,918
2013-12-09 10:46:00,131.25,130.9,131.25,130.7,728
2013-12-09 10:47:00,130.85,131.3,131.4,130.85,736
2013-12-09 10:48:00,131.3,131.55,131.55,131.25,2004
2013-12-09 10:49:00,131.55,131.55,131.55,131.55,1212
2013-12-09 10:50:00,131.55,131.55,131.55,131.55,218
2013-12-09 10:51:00,131.55,131.55,131.55,131.55,90
2013-12-09 10:52:00,131.55,131.55,131.55,131.55,54
2013-12-09 10:53:00,131.55,131.55,131.55,131.55,26
2013-12-09 10:54:00,131.55,131.55,131.55,131.55,32
2013-12-09 10:55:00,131.55,131.55,131.55,131.55,18
2013-12-09 10:56:00,131.55,131.55,131.55,131.55,26
2013-12-09 10:57:00,131.55,131.55,131.55,131.55,14
2013-12-09 10:58:00,131.55,131.55,131.55,131.55,26
2013-12-09 10:59:00,131.55,131.55,131.55,131.55,14
2013-12-09 11:00:00,131.55,131.55,131.55,131.55,6
2013-12-09 11:01:00,131.55,131.55,131.55,131.55,6
2013-12-09 11:02:00,131.55,131.55,131.55,131.55,22
2013-12-09 11:03:00,131.55,131.55,131.55,131.55,2
2013-12-09 11:04:00,131.55,131.55,131.55,131.55,6
2013-12-09 11:05:00,131.55,131.55,131.55,131.55,0
2013-12-09 11:06:00,131.55,131.55,131.55,131.55,26
2013-12-09 11:07:00,131.55,131.55,131.55,131.55,4
2013-12-09 11:08:00,131.55,131.55,131.55,131.55,18
2013-12-09 11:09:00,131.55,131.55,131.55,131.55,18
2013-12-09 11:10:00,131.55,131.55,131.55,131.55,4
2013-12-09 11:11:00,131.55,131.55,131.55,131.55,2
2013-12-09 11:12:00,131.55,131.55,131.55,131.55,2
2013-12-09 11:13:00,131.55,131.55,131.55,131.55,6
2013-12-09 11:14:00,131.55,131.55,131.55,131.55,4
2013-12-09 11:15:00,131.55,131.55,131.55,131.55,8
2013-12-09 11:16:00,131.55,131.55,131.55,131.55,2
2013-12-09 11:17:00,131.55,131.55,131.55,131.55,20
2013-12-09 11:18:00,131.55,131.55,131.55,131.55,14
2013-12-09 11:19:00,131.55,131.55,131.55,131.55,2
2013-12-09 11:20:00,131.55,131.55,131.55,131.55,6
2013-12-09 11:21:00,131.55,131.55,131.55,131.55,16
2013-12-09 11:22:00,131.55,131.55,131.55,131.55,6
2013-12-09 11:23:00,131.55,131.55,131.55,131.55,28
2013-12-09 11:24:00,131.55,131.55,131.55,131.55,2
2013-12-09 11:25:00,131.55,131.55,131.55,131.55,0
2013-12-09 11:26:00,131.55,131.55,131.55,131.55,4
2013-12-09 11:27:00,131.55,131.55,131.55,131.55,4
2013-12-09 11:28:00,131.55,131.55,131.55,131.55,0
2013-12-09 11:29:00,131.55,131.55,131.55,131.55,0
2013-12-09 11:30:00,131.55,131.55,131.55,131.55,2
2013-12-09 13:31:00,131.55,131.55,131.55,131.55,16
2013-12-09 13:32:00,131.55,131.55,131.55,131.55,2
2013-12-09 13:33:00,131.55,131.55,131.55,131.55,60
2013-12-09 13:34:00,131.55,131.55,131.55,131.55,0
2013-12-09 13:35:00,131.55,131.55,131.55,131.55,2
2013-12-09 13:36:00,131.55,131.55,131.55,131.55,0
2013-12-09 13:37:00,131.55,131.55,131.55,131.55,2
2013-12-09 13:38:00,131.55,131.55,131.55,131.55,0
2013-12-09 13:39:00,131.55,131.55,131.55,131.55,0
2013-12-09 13:40:00,131.55,131.55,131.55,131.55,6
2013-12-09 13:41:00,131.55,131.55,131.55,131.55,0
2013-12-09 13:42:00,131.55,131.55,131.55,131.55,0
2013-12-09 13:43:00,131.55,131.55,131.55,131.55,2
2013-12-09 13:44:00,131.55,131.55,131.55,131.55,2
2013-12-09 13:45:00,131.55,131.55,131.55,131.55,0
2013-12-09 13:46:00,131.55,131.55,131.55,131.55,2
2013-12-09 13:47:00,131.55,131.55,131.55,131.55,0
2013-12-09 13:48:00,131.55,131.55,131.55,131.55,0
2013-12-09 13:49:00,131.55,131.55,131.55,131.55,2
2013-12-09 13:50:00,131.55,131.55,131.55,131.55,0
2013-12-09 13:51:00,131.55,131.55,131.55,131.55,10
2013-12-09 13:52:00,131.55,131.55,131.55,131.55,2
2013-12-09 13:53:00,131.55,131.55,131.55,131.55,0
2013-12-09 13:54:00,131.55,131.55,131.55,131.55,0
2013-12-09 13:55:00,131.55,131.55,131.55,131.55,0
2013-12-09 13:56:00,131.55,131.55,131.55,131.55,2
2013-12-09 13:57:00,131.55,131.55,131.55,131.55,8
2013-12-09 13:58:00,131.55,131.55,131.55,131.55,6
2013-12-09 13:59:00,131.55,131.55,131.55,131.55,0
2013-12-09 14:00:00,131.55,131.55,131.55,131.55,2
2013-12-09 14:01:00,131.55,131.55,131.55,131.55,0
2013-12-09 14:02:00,131.55,131.55,131.55,131.55,2
2013-12-09 14:03:00,131.55,131.55,131.55,131.55,0
2013-12-09 14:04:00,131.55,131.55,131.55,131.55,2
2013-12-09 14:05:00,131.55,131.55,131.55,131.55,30
2013-12-09 14:06:00,131.55,131.55,131.55,131.55,6
2013-12-09 14:07:00,131.55,131.55,131.55,131.55,4
2013-12-09 14:08:00,131.55,131.55,131.55,131.55,6
2013-12-09 14:09:00,131.55,131.55,131.55,131.55,554
2013-12-09 14:10:00,131.55,131.55,131.55,131.25,5918
2013-12-09 14:11:00,131.55,131.55,131.55,131.55,72
2013-12-09 14:12:00,131.55,131.55,131.55,131.55,62
2013-12-09 14:13:00,131.55,131.55,131.55,131.55,4
2013-12-09 14:14:00,131.55,131.55,131.55,131.55,8
2013-12-09 14:15:00,131.55,131.55,131.55,131.55,44
2013-12-09 14:16:00,131.55,131.55,131.55,131.55,10
2013-12-09 14:17:00,131.55,131.55,131.55,131.55,30
2013-12-09 14:18:00,131.55,131.55,131.55,131.55,6
2013-12-09 14:19:00,131.55,131.55,131.55,131.55,8
2013-12-09 14:20:00,131.55,131.55,131.55,131.55,4
2013-12-09 14:21:00,131.55,131.55,131.55,131.55,0
2013-12-09 14:22:00,131.55,131.55,131.55,131.55,2
2013-12-09 14:23:00,131.55,131.55,131.55,131.55,2
2013-12-09 14:24:00,131.55,131.55,131.55,131.55,2
2013-12-09 14:25:00,131.55,131.55,131.55,131.55,60
2013-12-09 14:26:00,131.55,131.55,131.55,131.55,0
2013-12-09 14:27:00,131.55,131.55,131.55,131.55,0
2013-12-09 14:28:00,131.55,131.55,131.55,131.55,0
2013-12-09 14:29:00,131.55,131.55,131.55,131.55,4
2013-12-09 14:30:00,131.55,131.55,131.55,131.55,2
2013-12-09 14:31:00,131.55,131.55,131.55,131.55,6
2013-12-09 14:32:00,131.55,131.55,131.55,131.55,2
2013-12-09 14:33:00,131.55,131.55,131.55,131.55,0
2013-12-09 14:34:00,131.55,131.55,131.55,131.55,2
2013-12-09 14:35:00,131.55,131.55,131.55,131.55,0
2013-12-09 14:36:00,131.55,131.55,131.55,131.55,0
2013-12-09 14:37:00,131.55,131.55,131.55,131.55,0
2013-12-09 14:38:00,131.55,131.55,131.55,131.55,16
2013-12-09 14:39:00,131.55,131.55,131.55,131.55,4
2013-12-09 14:40:00,131.55,131.55,131.55,131.55,0
2013-12-09 14:41:00,131.55,131.55,131.55,131.55,0
2013-12-09 14:42:00,131.55,131.55,131.55,131.55,130
2013-12-09 14:43:00,131.55,131.55,131.55,131.55,0
2013-12-09 14:44:00,131.55,131.55,131.55,131.55,2
2013-12-09 14:45:00,131.55,131.55,131.55,131.55,0
2013-12-09 14:46:00,131.55,131.55,131.55,131.55,0
2013-12-09 14:47:00,131.55,131.55,131.55,131.55,2
2013-12-09 14:48:00,131.55,131.55,131.55,131.55,0
2013-12-09 14:49:00,131.55,131.55,131.55,131.55,0
2013-12-09 14:50:00,131.55,131.55,131.55,131.55,0
2013-12-09 14:51:00,131.55,131.55,131.55,131.55,0
2013-12-09 14:52:00,131.55,131.55,131.55,131.55,0
2013-12-09 14:53:00,131.55,131.55,131.55,131.55,0
2013-12-09 14:54:00,131.55,131.55,131.55,131.55,0
2013-12-09 14:55:00,131.55,131.55,131.55,131.55,4
2013-12-09 14:56:00,131.55,131.55,131.55,131.55,1008
2013-12-09 14:57:00,131.55,131.55,131.55,131.55,2302
2013-12-09 14:58:00,131.55,131.55,131.55,131.55,186
2013-12-09 14:59:00,131.55,131.55,131.55,131.55,76
2013-12-09 15:00:00,131.55,131.55,131.55,131.55,34
2013-12-10 09:01:00,133.0,132.75,133.55,132.6,5012
2013-12-10 09:02:00,132.75,133.35,133.75,132.75,4752
2013-12-10 09:03:00,133.4,133.4,133.45,133.1,1542
2013-12-10 09:04:00,133.4,134.45,134.45,133.35,3282
2013-12-10 09:05:00,134.25,134.0,134.4,133.65,2818
2013-12-10 09:06:00,134.0,133.65,134.0,133.4,2788
2013-12-10 09:07:00,133.65,133.6,133.65,133.4,1808
2013-12-10 09:08:00,133.6,133.05,133.65,132.85,2964
2013-12-10 09:09:00,133.05,133.05,133.05,132.85,2522
2013-12-10 09:10:00,133.05,132.4,133.1,132.0,4554
2013-12-10 09:11:00,132.4,132.7,132.75,132.3,2292
2013-12-10 09:12:00,132.75,132.6,132.75,132.45,2806
2013-12-10 09:13:00,132.6,133.1,133.2,132.6,2018
2013-12-10 09:14:00,133.1,133.25,133.5,133.05,1916
2013-12-10 09:15:00,133.25,133.1,133.45,133.0,1688
2013-12-10 09:16:00,133.1,133.35,133.55,133.05,980
2013-12-10 09:17:00,133.4,133.05,133.45,133.05,824
2013-12-10 09:18:00,133.1,133.2,133.2,133.0,556
2013-12-10 09:19:00,133.2,133.25,133.3,133.15,1112
2013-12-10 09:20:00,133.3,133.5,133.55,133.25,828
2013-12-10 09:21:00,133.5,133.4,133.5,133.4,578
2013-12-10 09:22:00,133.4,133.5,133.65,133.35,904
2013-12-10 09:23:00,133.5,133.5,133.55,133.4,782
2013-12-10 09:24:00,133.5,133.8,133.9,133.5,2082
2013-12-10 09:25:00,133.8,133.45,133.85,133.45,998
2013-12-10 09:26:00,133.45,133.45,133.5,133.2,2038
2013-12-10 09:27:00,133.45,133.4,133.55,133.4,606
2013-12-10 09:28:00,133.4,133.15,133.45,133.15,936
2013-12-10 09:29:00,133.15,133.4,133.4,133.15,618
2013-12-10 09:30:00,133.35,133.4,133.5,133.35,824
2013-12-10 09:31:00,133.35,133.15,133.45,133.15,636
2013-12-10 09:32:00,133.1,133.35,133.35,133.0,800
2013-12-10 09:33:00,133.35,133.65,133.65,133.35,750
2013-12-10 09:34:00,133.7,133.7,133.9,133.6,2034
2013-12-10 09:35:00,133.75,133.85,134.05,133.75,1718
2013-12-10 09:36:00,133.8,134.3,134.3,133.75,2140
2013-12-10 09:37:00,134.35,134.2,134.6,134.05,3692
2013-12-10 09:38:00,134.2,134.15,134.25,134.15,1130
2013-12-10 09:39:00,134.1,134.4,134.6,134.1,2344
2013-12-10 09:40:00,134.35,134.6,134.75,134.25,2946
2013-12-10 09:41:00,134.6,134.55,134.6,134.4,1728
2013-12-10 09:42:00,134.55,135.05,135.4,134.45,2302
2013-12-10 09:43:00,135.05,134.65,135.2,134.65,2834
2013-12-10 09:44:00,134.65,134.45,134.75,134.45,2140
2013-12-10 09:45:00,134.5,134.3,134.65,134.3,1586
2013-12-10 09:46:00,134.3,134.35,134.4,134.1,3240
2013-12-10 09:47:00,134.35,134.25,134.45,134.2,1252
2013-12-10 09:48:00,134.3,134.45,134.45,134.25,1078
2013-12-10 09:49:00,134.4,134.3,134.4,134.15,1188
2013-12-10 09:50:00,134.3,134.25,134.4,134.2,868
2013-12-10 09:51:00,134.25,134.5,134.5,134.2,734
2013-12-10 09:52:00,134.5,134.4,134.55,134.4,796
2013-12-10 09:53:00,134.4,134.5,134.55,134.4,448
2013-12-10 09:54:00,134.5,134.65,134.75,134.45,1484
2013-12-10 09:55:00,134.7,134.65,134.75,134.6,536
2013-12-10 09:56:00,134.7,134.75,134.85,134.65,1596
2013-12-10 09:57:00,134.75,134.6,134.8,134.5,1584
2013-12-10 09:58:00,134.5,134.65,134.7,134.45,652
2013-12-10 09:59:00,134.65,134.95,135.0,134.65,1778
2013-12-10 10:00:00,134.95,134.75,135.0,134.75,2346
2013-12-10 10:01:00,134.75,134.95,134.95,134.75,952
2013-12-10 10:02:00,134.95,134.6,135.05,134.6,2712
2013-12-10 10:03:00,134.6,134.6,134.7,134.55,1648
2013-12-10 10:04:00,134.6,135.05,135.05,134.6,834
2013-12-10 10:05:00,135.05,135.0,135.15,134.95,1710
2013-12-10 10:06:00,135.0,134.9,135.1,134.9,1602
2013-12-10 10:07:00,134.9,135.0,135.05,134.9,1064
2013-12-10 10:08:00,135.05,135.15,135.3,135.05,2978
2013-12-10 10:09:00,135.15,134.95,135.15,134.9,1436
2013-12-10 10:10:00,134.95,135.1,135.2,134.95,1780
2013-12-10 10:11:00,135.05,134.85,135.1,134.75,1506
2013-12-10 10:12:00,134.85,134.9,135.0,134.85,580
2013-12-10 10:13:00,134.85,134.85,134.9,134.8,508
2013-12-10 10:14:00,134.85,135.05,135.05,134.85,770
2013-12-10 10:15:00,135.05,135.05,135.1,135.0,738
2013-12-10 10:16:00,135.05,135.05,135.05,135.05,0
2013-12-10 10:17:00,135.05,135.05,135.05,135.05,0
2013-12-10 10:18:00,135.05,135.05,135.05,135.05,0
2013-12-10 10:19:00,135.05,135.05,135.05,135.05,0
2013-12-10 10:20:00,135.05,135.05,135.05,135.05,0
2013-12-10 10:21:00,135.05,135.05,135.05,135.05,0
2013-12-10 10:22:00,135.05,135.05,135.05,135.05,0
2013-12-10 10:23:00,135.05,135.05,135.05,135.05,0
2013-12-10 10:24:00,135.05,135.05,135.05,135.05,0
2013-12-10 10:25:00,135.05,135.05,135.05,135.05,0
2013-12-10 10:26:00,135.05,135.05,135.05,135.05,0
2013-12-10 10:27:00,135.05,135.05,135.05,135.05,0
2013-12-10 10:28:00,135.05,135.05,135.05,135.05,0
2013-12-10 10:29:00,135.05,135.05,135.05,135.05,0
2013-12-10 10:30:00,135.0,135.0,135.0,135.0,44
2013-12-10 10:31:00,135.0,135.15,135.3,134.9,1372
2013-12-10 10:32:00,135.15,135.55,135.65,135.1,2764
2013-12-10 10:33:00,135.4,135.45,135.6,135.4,2070
2013-12-10 10:34:00,135.4,135.35,135.45,135.25,1346
2013-12-10 10:35:00,135.4,135.15,135.45,135.1,2806
2013-12-10 10:36:00,135.1,134.8,135.2,134.8,2938
2013-12-10 10:37:00,134.8,134.3,134.8,134.25,5502
2013-12-10 10:38:00,134.3,134.6,134.65,134.3,2832
2013-12-10 10:39:00,134.6,134.5,134.65,134.45,1336
2013-12-10 10:40:00,134.55,134.5,134.55,134.45,734
2013-12-10 10:41:00,134.5,134.35,134.55,134.35,1200
2013-12-10 10:42:00,134.35,133.95,134.35,133.8,5290
2013-12-10 10:43:00,133.95,133.95,134.0,133.8,2518
2013-12-10 10:44:00,133.95,133.6,134.05,133.5,4558
2013-12-10 10:45:00,133.6,133.5,133.7,133.25,5110
2013-12-10 10:46:00,133.5,133.3,133.55,133.3,4156
2013-12-10 10:47:00,133.3,133.55,133.55,133.3,2218
2013-12-10 10:48:00,133.55,133.55,133.65,133.5,2254
2013-12-10 10:49:00,133.55,133.65,133.7,133.5,1046
2013-12-10 10:50:00,133.65,133.75,133.85,133.6,2210
2013-12-10 10:51:00,133.7,133.75,133.8,133.65,1310
2013-12-10 10:52:00,133.75,133.6,133.8,133.6,1114
2013-12-10 10:53:00,133.6,133.55,133.7,133.55,818
2013-12-10 10:54:00,133.6,132.85,133.6,132.8,5434
2013-12-10 10:55:00,132.85,132.75,132.85,132.5,4260
2013-12-10 10:56:00,132.8,132.6,132.8,132.5,2874
2013-12-10 10:57:00,132.6,132.75,132.85,132.6,2144
2013-12-10 10:58:00,132.75,132.65,132.9,132.65,1238
2013-12-10 10:59:00,132.65,132.95,132.95,132.5,2590
2013-12-10 11:00:00,132.95,132.75,132.95,132.65,1178
2013-12-10 11:01:00,132.75,133.0,133.05,132.75,1916
2013-12-10 11:02:00,133.0,132.95,133.1,132.9,1540
2013-12-10 11:03:00,132.95,132.8,133.0,132.8,872
2013-12-10 11:04:00,132.8,132.85,132.9,132.8,680
2013-12-10 11:05:00,132.85,132.75,133.0,132.75,714
2013-12-10 11:06:00,132.75,132.5,132.8,132.35,3804
2013-12-10 11:07:00,132.5,132.95,132.95,132.45,1820
2013-12-10 11:08:00,132.95,132.95,133.1,132.85,1990
2013-12-10 11:09:00,132.95,132.95,133.0,132.9,858
2013-12-10 11:10:00,132.95,133.0,133.05,132.9,1558
2013-12-10 11:11:00,133.0,133.05,133.25,133.0,1802
2013-12-10 11:12:00,133.05,133.05,133.2,133.05,992
2013-12-10 11:13:00,133.05,133.1,133.1,132.95,714
2013-12-10 11:14:00,133.1,132.9,133.15,132.9,634
2013-12-10 11:15:00,132.95,132.95,133.05,132.9,366
2013-12-10 11:16:00,132.95,132.8,132.95,132.65,1340
2013-12-10 11:17:00,132.8,132.85,132.85,132.75,360
2013-12-10 11:18:00,132.9,133.05,133.1,132.8,780
2013-12-10 11:19:00,133.05,133.05,133.15,133.0,1006
2013-12-10 11:20:00,133.05,133.2,133.3,133.05,1132
2013-12-10 11:21:00,133.2,133.0,133.2,133.0,674
2013-12-10 11:22:00,133.0,133.25,133.25,133.0,852
2013-12-10 11:23:00,133.25,133.15,133.25,133.15,412
2013-12-10 11:24:00,133.2,133.15,133.2,133.1,1046
2013-12-10 11:25:00,133.15,133.05,133.15,133.05,232
2013-12-10 11:26:00,133.05,133.25,133.25,133.05,418
2013-12-10 11:27:00,133.25,133.2,133.25,133.2,484
2013-12-10 11:28:00,133.2,133.1,133.25,133.1,334
2013-12-10 11:29:00,133.1,132.75,133.15,132.7,1432
2013-12-10 11:30:00,132.75,132.8,132.8,132.65,2224
2013-12-10 13:31:00,132.9,132.9,133.0,132.85,802
2013-12-10 13:32:00,132.9,132.85,132.9,132.75,910
2013-12-10 13:33:00,132.85,132.95,132.95,132.8,428
2013-12-10 13:34:00,132.95,132.9,133.05,132.9,608
2013-12-10 13:35:00,132.9,132.95,133.0,132.9,452
2013-12-10 13:36:00,132.95,132.85,132.95,132.85,468
2013-12-10 13:37:00,132.85,132.8,132.85,132.75,516
2013-12-10 13:38:00,132.85,132.85,132.9,132.8,666
2013-12-10 13:39:00,132.85,132.9,132.95,132.85,322
2013-12-10 13:40:00,132.9,133.0,133.0,132.9,538
2013-12-10 13:41:00,133.0,133.1,133.2,133.0,1244
2013-12-10 13:42:00,133.15,133.1,133.15,133.05,292
2013-12-10 13:43:00,133.1,133.0,133.1,132.95,550
2013-12-10 13:44:00,133.0,132.95,133.0,132.9,344
2013-12-10 13:45:00,132.95,132.95,133.0,132.9,170
2013-12-10 13:46:00,132.95,132.85,132.95,132.85,626
2013-12-10 13:47:00,132.85,133.0,133.0,132.85,710
2013-12-10 13:48:00,133.0,132.95,133.05,132.95,194
2013-12-10 13:49:00,133.0,133.1,133.1,132.95,240
2013-12-10 13:50:00,133.05,133.2,133.25,133.05,1106
2013-12-10 13:51:00,133.2,133.1,133.2,133.1,412
2013-12-10 13:52:00,133.1,133.4,133.45,133.1,2754
2013-12-10 13:53:00,133.4,133.35,133.4,133.2,1932
2013-12-10 13:54:00,133.35,133.35,133.45,133.3,1848
2013-12-10 13:55:00,133.4,133.4,133.4,133.3,818
2013-12-10 13:56:00,133.4,133.3,133.4,133.25,1386
2013-12-10 13:57:00,133.3,133.35,133.45,133.3,450
2013-12-10 13:58:00,133.35,133.25,133.4,133.25,398
2013-12-10 13:59:00,133.25,133.35,133.35,133.25,370
2013-12-10 14:00:00,133.35,133.25,133.35,133.25,578
2013-12-10 14:01:00,133.25,133.4,133.4,133.25,416
2013-12-10 14:02:00,133.4,133.3,133.4,133.3,262
2013-12-10 14:03:00,133.3,132.95,133.3,132.95,1356
2013-12-10 14:04:00,132.95,133.05,133.05,132.8,3104
2013-12-10 14:05:00,133.05,133.1,133.1,132.95,918
2013-12-10 14:06:00,133.05,133.15,133.15,133.05,252
2013-12-10 14:07:00,133.15,133.05,133.15,133.05,186
2013-12-10 14:08:00,133.05,133.0,133.1,133.0,286
2013-12-10 14:09:00,133.0,133.05,133.05,132.95,596
2013-12-10 14:10:00,133.05,133.05,133.05,132.95,268
2013-12-10 14:11:00,133.05,133.05,133.1,133.05,228
2013-12-10 14:12:00,133.05,133.05,133.1,133.05,144
2013-12-10 14:13:00,133.05,133.0,133.1,133.0,166
2013-12-10 14:14:00,133.0,133.1,133.1,133.0,192
2013-12-10 14:15:00,133.1,133.0,133.1,133.0,166
2013-12-10 14:16:00,133.0,133.05,133.05,133.0,184
2013-12-10 14:17:00,133.05,133.15,133.25,133.05,716
2013-12-10 14:18:00,133.2,133.4,133.4,133.15,1162
2013-12-10 14:19:00,133.4,133.3,133.4,133.25,1300
2013-12-10 14:20:00,133.35,133.3,133.35,133.3,406
2013-12-10 14:21:00,133.3,133.4,133.45,133.3,1574
2013-12-10 14:22:00,133.35,133.3,133.4,133.3,384
2013-12-10 14:23:00,133.3,133.45,133.6,133.3,1604
2013-12-10 14:24:00,133.5,133.3,133.5,133.3,668
2013-12-10 14:25:00,133.25,133.15,133.3,133.15,902
2013-12-10 14:26:00,133.1,133.2,133.2,133.05,1122
2013-12-10 14:27:00,133.2,132.95,133.2,132.9,1522
2013-12-10 14:28:00,132.95,133.0,133.0,132.9,1018
2013-12-10 14:29:00,133.05,132.95,133.05,132.9,688
2013-12-10 14:30:00,132.95,132.75,133.05,132.75,1900
2013-12-10 14:31:00,132.75,132.6,132.75,132.5,3380
2013-12-10 14:32:00,132.6,132.85,132.85,132.6,2940
2013-12-10 14:33:00,132.8,132.8,132.85,132.75,1144
2013-12-10 14:34:00,132.8,132.9,132.95,132.8,3028
2013-12-10 14:35:00,132.85,132.65,132.9,132.65,1222
2013-12-10 14:36:00,132.6,132.3,132.65,132.15,4942
2013-12-10 14:37:00,132.25,132.35,132.45,132.25,1604
2013-12-10 14:38:00,132.3,131.9,132.35,131.7,5958
2013-12-10 14:39:00,131.95,132.3,132.35,131.95,3076
2013-12-10 14:40:00,132.3,132.35,132.4,132.3,1814
2013-12-10 14:41:00,132.35,132.65,132.65,132.35,3704
2013-12-10 14:42:00,132.65,132.6,132.75,132.6,2636
2013-12-10 14:43:00,132.65,132.95,132.95,132.6,3916
2013-12-10 14:44:00,132.9,132.85,132.95,132.8,2080
2013-12-10 14:45:00,132.85,132.8,132.85,132.8,764
2013-12-10 14:46:00,132.8,132.95,132.95,132.75,1400
2013-12-10 14:47:00,132.95,132.9,132.95,132.85,526
2013-12-10 14:48:00,132.9,132.75,132.9,132.75,708
2013-12-10 14:49:00,132.75,132.85,132.85,132.6,1130
2013-12-10 14:50:00,132.85,132.75,132.85,132.75,478
2013-12-10 14:51:00,132.75,132.65,132.75,132.65,372
2013-12-10 14:52:00,132.65,132.75,132.8,132.65,452
2013-12-10 14:53:00,132.75,132.55,132.75,132.55,758
2013-12-10 14:54:00,132.55,132.55,132.55,132.35,1436
2013-12-10 14:55:00,132.55,132.4,132.55,132.35,948
2013-12-10 14:56:00,132.4,132.45,132.55,132.35,804
2013-12-10 14:57:00,132.5,132.55,132.6,132.45,832
2013-12-10 14:58:00,132.55,132.9,132.95,132.55,2550
2013-12-10 14:59:00,132.95,132.95,133.0,132.85,2730
2013-12-10 15:00:00,132.95,132.95,132.95,132.8,2320
2013-12-11 09:01:00,132.95,132.8,132.95,132.6,1560
2013-12-11 09:02:00,132.8,132.7,132.9,132.55,1268
2013-12-11 09:03:00,132.7,133.25,133.3,132.7,2084
2013-12-11 09:04:00,133.25,132.8,133.25,132.65,1996
2013-12-11 09:05:00,132.8,132.8,132.9,132.75,1292
2013-12-11 09:06:00,132.8,132.95,132.95,132.8,982
2013-12-11 09:07:00,132.95,133.4,133.45,132.95,3076
2013-12-11 09:08:00,133.4,133.65,133.7,133.4,4814
2013-12-11 09:09:00,133.7,133.7,133.75,133.6,2886
2013-12-11 09:10:00,133.7,133.8,133.9,133.7,3232
2013-12-11 09:11:00,133.8,133.75,133.8,133.65,1660
2013-12-11 09:12:00,133.75,133.9,134.05,133.75,4234
2013-12-11 09:13:00,133.95,134.1,134.1,133.85,3176
2013-12-11 09:14:00,134.05,133.85,134.05,133.85,2134
2013-12-11 09:15:00,133.9,133.9,133.9,133.8,1092
2013-12-11 09:16:00,133.9,134.15,134.15,133.85,1306
2013-12-11 09:17:00,134.15,133.75,134.15,133.75,1902
2013-12-11 09:18:00,133.75,133.6,133.75,133.55,2858
2013-12-11 09:19:00,133.65,133.4,133.65,133.35,3424
2013-12-11 09:20:00,133.4,133.75,133.75,133.4,2060
2013-12-11 09:21:00,133.65,133.75,133.8,133.6,1118
2013-12-11 09:22:00,133.75,133.85,133.85,133.65,1020
2013-12-11 09:23:00,133.8,133.75,133.85,133.7,870
2013-12-11 09:24:00,133.75,133.7,133.8,133.65,1320
2013-12-11 09:25:00,133.7,133.7,133.7,133.65,636
2013-12-11 09:26:00,133.65,133.65,133.7,133.65,420
2013-12-11 09:27:00,133.65,133.85,133.9,133.65,1370
2013-12-11 09:28:00,133.8,133.85,133.85,133.75,1728
2013-12-11 09:29:00,133.85,133.25,133.85,133.25,1694
2013-12-11 09:30:00,133.25,133.2,133.35,133.1,3076
2013-12-11 09:31:00,133.25,133.05,133.3,133.05,2100
2013-12-11 09:32:00,133.05,133.1,133.1,132.9,2782
2013-12-11 09:33:00,133.1,133.25,133.35,133.05,1466
2013-12-11 09:34:00,133.25,133.25,133.25,133.15,840
2013-12-11 09:35:00,133.25,133.25,133.25,133.1,918
2013-12-11 09:36:00,133.2,133.25,133.25,133.15,1034
2013-12-11 09:37:00,133.25,133.5,133.5,133.25,2080
2013-12-11 09:38:00,133.5,133.3,133.5,133.3,950
2013-12-11 09:39:00,133.3,133.3,133.35,133.25,286
2013-12-11 09:40:00,133.25,133.35,133.35,133.25,272
2013-12-11 09:41:00,133.3,133.15,133.35,133.15,462
2013-12-11 09:42:00,133.15,133.35,133.35,133.15,584
2013-12-11 09:43:00,133.35,133.35,133.45,133.3,790
2013-12-11 09:44:00,133.35,133.35,133.4,133.35,252
2013-12-11 09:45:00,133.35,133.15,133.35,133.1,810
2013-12-11 09:46:00,133.15,133.3,133.3,133.15,264
2013-12-11 09:47:00,133.25,133.1,133.25,133.1,464
2013-12-11 09:48:00,133.15,133.25,133.25,133.15,288
2013-12-11 09:49:00,133.25,133.25,133.25,133.2,172
2013-12-11 09:50:00,133.25,133.3,133.3,133.25,230
2013-12-11 09:51:00,133.3,133.3,133.35,133.25,266
2013-12-11 09:52:00,133.3,133.3,133.3,133.25,490
2013-12-11 09:53:00,133.3,133.35,133.35,133.3,310
2013-12-11 09:54:00,133.35,133.2,133.35,133.15,418
2013-12-11 09:55:00,133.2,133.05,133.25,132.9,2144
2013-12-11 09:56:00,133.0,133.05,133.15,132.9,1476
2013-12-11 09:57:00,133.05,133.0,133.1,132.85,2312
2013-12-11 09:58:00,132.95,132.8,132.95,132.65,3528
2013-12-11 09:59:00,132.8,132.4,132.85,132.35,3272
2013-12-11 10:00:00,132.35,132.25,132.45,132.15,3864
2013-12-11 10:01:00,132.25,132.35,132.45,132.25,2056
2013-12-11 10:02:00,132.35,132.5,132.5,132.3,942
2013-12-11 10:03:00,132.45,132.65,132.85,132.4,1840
2013-12-11 10:04:00,132.65,132.5,132.7,132.5,404
2013-12-11 10:05:00,132.5,132.65,132.65,132.5,542
2013-12-11 10:06:00,132.65,132.55,132.65,132.55,390
2013-12-11 10:07:00,132.55,132.6,132.6,132.55,214
2013-12-11 10:08:00,132.6,132.75,132.8,132.6,1338
2013-12-11 10:09:00,132.75,132.7,132.85,132.65,680
2013-12-11 10:10:00,132.75,132.65,132.75,132.6,292
2013-12-11 10:11:00,132.65,132.75,132.8,132.65,246
2013-12-11 10:12:00,132.75,132.9,132.95,132.75,992
2013-12-11 10:13:00,132.95,132.8,132.95,132.8,850
2013-12-11 10:14:00,132.8,132.75,132.85,132.75,334
2013-12-11 10:15:00,132.75,132.75,132.75,132.7,316
2013-12-11 10:16:00,132.75,132.75,132.75,132.75,0
2013-12-11 10:17:00,132.75,132.75,132.75,132.75,0
2013-12-11 10:18:00,132.75,132.75,132.75,132.75,0
2013-12-11 10:19:00,132.75,132.75,132.75,132.75,0
2013-12-11 10:20:00,132.75,132.75,132.75,132.75,0
2013-12-11 10:21:00,132.75,132.75,132.75,132.75,0
2013-12-11 10:22:00,132.75,132.75,132.75,132.75,0
2013-12-11 10:23:00,132.75,132.75,132.75,132.75,0
2013-12-11 10:24:00,132.75,132.75,132.75,132.75,0
2013-12-11 10:25:00,132.75,132.75,132.75,132.75,0
2013-12-11 10:26:00,132.75,132.75,132.75,132.75,0
2013-12-11 10:27:00,132.75,132.75,132.75,132.75,0
2013-12-11 10:28:00,132.75,132.75,132.75,132.75,0
2013-12-11 10:29:00,132.75,132.75,132.75,132.75,0
2013-12-11 10:30:00,132.75,132.75,132.75,132.75,0
2013-12-11 10:31:00,132.75,132.8,132.85,132.75,344
2013-12-11 10:32:00,132.85,132.75,132.85,132.75,270
2013-12-11 10:33:00,132.75,132.8,132.8,132.75,102
2013-12-11 10:34:00,132.8,132.75,132.85,132.75,426
2013-12-11 10:35:00,132.75,132.55,132.75,132.55,536
2013-12-11 10:36:00,132.55,132.7,132.75,132.55,560
2013-12-11 10:37:00,132.7,132.65,132.7,132.65,138
2013-12-11 10:38:00,132.65,132.8,132.8,132.65,278
2013-12-11 10:39:00,132.8,132.8,132.8,132.75,210
2013-12-11 10:40:00,132.85,132.75,132.85,132.75,220
2013-12-11 10:41:00,132.75,132.75,132.8,132.7,290
2013-12-11 10:42:00,132.75,132.85,132.85,132.75,324
2013-12-11 10:43:00,132.85,132.85,132.9,132.8,192
2013-12-11 10:44:00,132.85,132.75,132.9,132.65,592
2013-12-11 10:45:00,132.8,132.85,132.85,132.75,86
2013-12-11 10:46:00,132.85,132.8,132.85,132.75,236
2013-12-11 10:47:00,132.8,132.7,132.8,132.7,428
2013-12-11 10:48:00,132.7,132.7,132.75,132.7,138
2013-12-11 10:49:00,132.7,132.65,132.7,132.6,492
2013-12-11 10:50:00,132.65,132.65,132.65,132.6,170
2013-12-11 10:51:00,132.65,132.55,132.65,132.55,220
2013-12-11 10:52:00,132.55,132.7,132.75,132.55,296
2013-12-11 10:53:00,132.7,132.5,132.7,132.5,400
2013-12-11 10:54:00,132.5,132.55,132.6,132.3,1248
2013-12-11 10:55:00,132.55,132.6,132.65,132.55,368
2013-12-11 10:56:00,132.55,132.6,132.65,132.55,456
2013-12-11 10:57:00,132.65,132.3,132.65,132.25,776
2013-12-11 10:58:00,132.35,132.05,132.35,132.0,4090
2013-12-11 10:59:00,132.05,132.3,132.3,132.05,2000
2013-12-11 11:00:00,132.3,132.25,132.35,132.2,1058
2013-12-11 11:01:00,132.3,132.25,132.3,132.2,554
2013-12-11 11:02:00,132.25,132.3,132.3,132.15,766
2013-12-11 11:03:00,132.3,132.4,132.45,132.3,658
2013-12-11 11:04:00,132.4,132.4,132.45,132.35,646
2013-12-11 11:05:00,132.4,132.5,132.5,132.4,520
2013-12-11 11:06:00,132.5,132.5,132.6,132.45,764
2013-12-11 11:07:00,132.5,132.45,132.5,132.4,352
2013-12-11 11:08:00,132.45,132.45,132.45,132.4,284
2013-12-11 11:09:00,132.45,132.5,132.55,132.4,594
2013-12-11 11:10:00,132.5,132.75,132.75,132.5,1522
2013-12-11 11:11:00,132.75,132.65,132.8,132.65,1592
2013-12-11 11:12:00,132.65,132.8,132.8,132.6,840
2013-12-11 11:13:00,132.8,132.85,132.9,132.8,1322
2013-12-11 11:14:00,132.85,132.8,132.85,132.75,958
2013-12-11 11:15:00,132.8,132.7,132.8,132.65,614
2013-12-11 11:16:00,132.75,132.7,132.75,132.7,494
2013-12-11 11:17:00,132.75,132.8,132.8,132.7,426
2013-12-11 11:18:00,132.8,132.7,132.8,132.7,604
2013-12-11 11:19:00,132.7,132.65,132.7,132.55,1020
2013-12-11 11:20:00,132.65,132.65,132.7,132.6,456
2013-12-11 11:21:00,132.65,132.6,132.65,132.6,218
2013-12-11 11:22:00,132.65,132.7,132.7,132.6,314
2013-12-11 11:23:00,132.7,132.7,132.7,132.65,242
2013-12-11 11:24:00,132.65,132.6,132.7,132.55,416
2013-12-11 11:25:00,132.6,132.65,132.7,132.6,310
2013-12-11 11:26:00,132.65,132.65,132.65,132.6,168
2013-12-11 11:27:00,132.65,132.75,132.75,132.65,236
2013-12-11 11:28:00,132.75,132.9,132.9,132.7,848
2013-12-11 11:29:00,132.9,132.85,132.9,132.8,460
2013-12-11 11:30:00,132.85,132.75,132.85,132.75,548
2013-12-11 13:31:00,132.75,132.7,132.8,132.7,226
2013-12-11 13:32:00,132.7,132.65,132.7,132.6,350
2013-12-11 13:33:00,132.65,132.6,132.7,132.6,148
2013-12-11 13:34:00,132.65,132.7,132.7,132.6,304
2013-12-11 13:35:00,132.7,132.7,132.75,132.7,200
2013-12-11 13:36:00,132.7,132.65,132.75,132.65,314
2013-12-11 13:37:00,132.65,132.75,132.8,132.65,364
2013-12-11 13:38:00,132.75,132.85,132.85,132.7,322
2013-12-11 13:39:00,132.85,133.25,133.3,132.85,2244
2013-12-11 13:40:00,133.2,133.2,133.3,133.15,2230
2013-12-11 13:41:00,133.2,133.15,133.3,133.15,1590
2013-12-11 13:42:00,133.15,133.25,133.25,133.1,866
2013-12-11 13:43:00,133.25,133.3,133.4,133.25,1806
2013-12-11 13:44:00,133.3,133.1,133.35,133.1,1284
2013-12-11 13:45:00,133.1,133.25,133.25,133.1,596
2013-12-11 13:46:00,133.25,133.1,133.25,133.05,768
2013-12-11 13:47:00,133.1,133.25,133.3,133.1,1130
2013-12-11 13:48:00,133.25,133.3,133.3,133.2,578
2013-12-11 13:49:00,133.3,133.15,133.3,133.15,584
2013-12-11 13:50:00,133.15,133.15,133.25,133.15,428
2013-12-11 13:51:00,133.2,133.55,133.55,133.2,2478
2013-12-11 13:52:00,133.6,133.5,133.65,133.45,1568
2013-12-11 13:53:00,133.5,133.85,133.9,133.5,4016
2013-12-11 13:54:00,133.8,133.65,133.8,133.65,2000
2013-12-11 13:55:00,133.65,133.6,133.7,133.6,860
2013-12-11 13:56:00,133.6,133.6,133.65,133.5,1664
2013-12-11 13:57:00,133.6,133.9,133.9,133.6,1378
2013-12-11 13:58:00,133.9,134.0,134.05,133.85,4112
2013-12-11 13:59:00,134.05,134.4,134.4,134.0,3980
2013-12-11 14:00:00,134.35,134.4,134.55,134.3,4014
2013-12-11 14:01:00,134.4,134.25,134.4,134.25,2574
2013-12-11 14:02:00,134.25,134.55,134.55,134.2,2818
2013-12-11 14:03:00,134.55,134.4,134.55,134.35,2580
2013-12-11 14:04:00,134.4,134.5,134.5,134.4,2068
2013-12-11 14:05:00,134.5,134.2,134.5,134.15,2310
2013-12-11 14:06:00,134.2,134.3,134.35,134.2,932
2013-12-11 14:07:00,134.25,134.15,134.25,134.1,2032
2013-12-11 14:08:00,134.15,134.15,134.2,134.05,2106
2013-12-11 14:09:00,134.15,134.15,134.2,134.05,1574
2013-12-11 14:10:00,134.15,134.15,134.3,134.15,1496
2013-12-11 14:11:00,134.15,134.15,134.25,134.15,966
